pub_year,pub_month,year_month,paper_count
1990,1,1990-01,10
1990,2,1990-02,4
1990,3,1990-03,8
1990,4,1990-04,11
1990,5,1990-05,8
1990,6,1990-06,3
1990,7,1990-07,10
1990,8,1990-08,11
1990,9,1990-09,3
1990,10,1990-10,6
1990,11,1990-11,5
1990,12,1990-12,10
1991,1,1991-01,9
1991,2,1991-02,4
1991,3,1991-03,4
1991,4,1991-04,5
1991,5,1991-05,8
1991,6,1991-06,11
1991,7,1991-07,17
1991,8,1991-08,12
1991,9,1991-09,4
1991,10,1991-10,8
1991,11,1991-11,8
1991,12,1991-12,16
1992,1,1992-01,14
1992,2,1992-02,14
1992,3,1992-03,5
1992,4,1992-04,7
1992,5,1992-05,9
1992,6,1992-06,13
1992,7,1992-07,9
1992,8,1992-08,9
1992,9,1992-09,10
1992,10,1992-10,8
1992,11,1992-11,13
1992,12,1992-12,17
1993,1,1993-01,10
1993,2,1993-02,6
1993,3,1993-03,6
1993,4,1993-04,1
1993,5,1993-05,13
1993,6,1993-06,7
1993,7,1993-07,7
1993,8,1993-08,6
1993,9,1993-09,3
1993,10,1993-10,5
1993,11,1993-11,7
1993,12,1993-12,12
1994,1,1994-01,6
1994,2,1994-02,3
1994,3,1994-03,4
1994,4,1994-04,4
1994,5,1994-05,8
1994,6,1994-06,3
1994,7,1994-07,1
1994,8,1994-08,7
1994,9,1994-09,12
1994,10,1994-10,17
1994,11,1994-11,5
1994,12,1994-12,16
1995,1,1995-01,11
1995,2,1995-02,4
1995,3,1995-03,3
1995,4,1995-04,12
1995,5,1995-05,3
1995,6,1995-06,8
1995,7,1995-07,4
1995,8,1995-08,3
1995,9,1995-09,9
1995,10,1995-10,5
1995,11,1995-11,10
1995,12,1995-12,16
1996,1,1996-01,6
1996,2,1996-02,3
1996,3,1996-03,7
1996,4,1996-04,7
1996,5,1996-05,2
1996,6,1996-06,7
1996,7,1996-07,7
1996,8,1996-08,11
1996,9,1996-09,6
1996,10,1996-10,3
1996,11,1996-11,6
1996,12,1996-12,25
1997,1,1997-01,9
1997,2,1997-02,8
1997,3,1997-03,11
1997,4,1997-04,19
1997,5,1997-05,6
1997,6,1997-06,6
1997,7,1997-07,11
1997,8,1997-08,5
1997,9,1997-09,2
1997,10,1997-10,2
1997,11,1997-11,7
1997,12,1997-12,17
1998,1,1998-01,25
1998,2,1998-02,11
1998,3,1998-03,7
1998,4,1998-04,12
1998,5,1998-05,5
1998,6,1998-06,6
1998,7,1998-07,10
1998,8,1998-08,15
1998,9,1998-09,12
1998,10,1998-10,18
1998,11,1998-11,9
1998,12,1998-12,15
1999,1,1999-01,9
1999,2,1999-02,12
1999,3,1999-03,41
1999,4,1999-04,12
1999,5,1999-05,9
1999,6,1999-06,15
1999,7,1999-07,14
1999,8,1999-08,8
1999,9,1999-09,13
1999,10,1999-10,18
1999,11,1999-11,6
1999,12,1999-12,19
2000,1,2000-01,21
2000,2,2000-02,13
2000,3,2000-03,21
2000,4,2000-04,20
2000,5,2000-05,12
2000,6,2000-06,13
2000,7,2000-07,12
2000,8,2000-08,13
2000,9,2000-09,23
2000,10,2000-10,18
2000,11,2000-11,22
2000,12,2000-12,18
2001,1,2001-01,4
2001,2,2001-02,13
2001,3,2001-03,14
2001,4,2001-04,14
2001,5,2001-05,13
2001,6,2001-06,20
2001,7,2001-07,19
2001,8,2001-08,11
2001,9,2001-09,9
2001,10,2001-10,16
2001,11,2001-11,19
2001,12,2001-12,42
2002,1,2002-01,25
2002,2,2002-02,32
2002,3,2002-03,16
2002,4,2002-04,15
2002,5,2002-05,43
2002,6,2002-06,10
2002,7,2002-07,14
2002,8,2002-08,16
2002,9,2002-09,8
2002,10,2002-10,19
2002,11,2002-11,407
2002,12,2002-12,94
2003,1,2003-01,38
2003,2,2003-02,24
2003,3,2003-03,57
2003,4,2003-04,44
2003,5,2003-05,69
2003,6,2003-06,81
2003,7,2003-07,79
2003,8,2003-08,79
2003,9,2003-09,74
2003,10,2003-10,81
2003,11,2003-11,86
2003,12,2003-12,106
2004,1,2004-01,136
2004,2,2004-02,205
2004,3,2004-03,86
2004,4,2004-04,151
2004,5,2004-05,117
2004,6,2004-06,152
2004,7,2004-07,115
2004,8,2004-08,106
2004,9,2004-09,110
2004,10,2004-10,136
2004,11,2004-11,159
2004,12,2004-12,151
2005,1,2005-01,124
2005,2,2005-02,114
2005,3,2005-03,185
2005,4,2005-04,139
2005,5,2005-05,115
2005,6,2005-06,124
2005,7,2005-07,116
2005,8,2005-08,113
2005,9,2005-09,101
2005,10,2005-10,97
2005,11,2005-11,146
2005,12,2005-12,162
2006,1,2006-01,126
2006,2,2006-02,112
2006,3,2006-03,135
2006,4,2006-04,136
2006,5,2006-05,146
2006,6,2006-06,169
2006,7,2006-07,129
2006,8,2006-08,128
2006,9,2006-09,189
2006,10,2006-10,131
2006,11,2006-11,145
2006,12,2006-12,194
2007,1,2007-01,136
2007,2,2007-02,119
2007,3,2007-03,140
2007,4,2007-04,148
2007,5,2007-05,170
2007,6,2007-06,110
2007,7,2007-07,103
2007,8,2007-08,113
2007,9,2007-09,215
2007,10,2007-10,123
2007,11,2007-11,164
2007,12,2007-12,125
2008,1,2008-01,163
2008,2,2008-02,159
2008,3,2008-03,248
2008,4,2008-04,206
2008,5,2008-05,159
2008,6,2008-06,262
2008,7,2008-07,190
2008,8,2008-08,119
2008,9,2008-09,142
2008,10,2008-10,156
2008,11,2008-11,169
2008,12,2008-12,199
2009,1,2009-01,199
2009,2,2009-02,158
2009,3,2009-03,162
2009,4,2009-04,126
2009,5,2009-05,477
2009,6,2009-06,179
2009,7,2009-07,228
2009,8,2009-08,213
2009,9,2009-09,193
2009,10,2009-10,189
2009,11,2009-11,205
2009,12,2009-12,194
2010,1,2010-01,164
2010,2,2010-02,169
2010,3,2010-03,218
2010,4,2010-04,198
2010,5,2010-05,209
2010,6,2010-06,214
2010,7,2010-07,194
2010,8,2010-08,150
2010,9,2010-09,171
2010,10,2010-10,154
2010,11,2010-11,166
2010,12,2010-12,198
2011,1,2011-01,167
2011,2,2011-02,148
2011,3,2011-03,197
2011,4,2011-04,189
2011,5,2011-05,183
2011,6,2011-06,180
2011,7,2011-07,200
2011,8,2011-08,183
2011,9,2011-09,168
2011,10,2011-10,209
2011,11,2011-11,224
2011,12,2011-12,268
2012,1,2012-01,182
2012,2,2012-02,184
2012,3,2012-03,223
2012,4,2012-04,186
2012,5,2012-05,200
2012,6,2012-06,166
2012,7,2012-07,181
2012,8,2012-08,235
2012,9,2012-09,210
2012,10,2012-10,185
2012,11,2012-11,211
2012,12,2012-12,298
2013,1,2013-01,190
2013,2,2013-02,221
2013,3,2013-03,208
2013,4,2013-04,242
2013,5,2013-05,219
2013,6,2013-06,225
2013,7,2013-07,240
2013,8,2013-08,295
2013,9,2013-09,230
2013,10,2013-10,278
2013,11,2013-11,293
2013,12,2013-12,277
2014,1,2014-01,245
2014,2,2014-02,210
2014,3,2014-03,264
2014,4,2014-04,264
2014,5,2014-05,280
2014,6,2014-06,310
2014,7,2014-07,234
2014,8,2014-08,228
2014,9,2014-09,208
2014,10,2014-10,254
2014,11,2014-11,225
2014,12,2014-12,447
2015,1,2015-01,223
2015,2,2015-02,241
2015,3,2015-03,278
2015,4,2015-04,292
2015,5,2015-05,219
2015,6,2015-06,268
2015,7,2015-07,250
2015,8,2015-08,300
2015,9,2015-09,302
2015,10,2015-10,321
2015,11,2015-11,278
2015,12,2015-12,465
2016,1,2016-01,262
2016,2,2016-02,368
2016,3,2016-03,347
2016,4,2016-04,304
2016,5,2016-05,290
2016,6,2016-06,425
2016,7,2016-07,241
2016,8,2016-08,321
2016,9,2016-09,307
2016,10,2016-10,319
2016,11,2016-11,341
2016,12,2016-12,395
2017,1,2017-01,258
2017,2,2017-02,319
2017,3,2017-03,307
2017,4,2017-04,265
2017,5,2017-05,303
2017,6,2017-06,310
2017,7,2017-07,342
2017,8,2017-08,296
2017,9,2017-09,285
2017,10,2017-10,347
2017,11,2017-11,287
2017,12,2017-12,347
2018,1,2018-01,265
2018,2,2018-02,346
2018,3,2018-03,331
2018,4,2018-04,320
2018,5,2018-05,303
2018,6,2018-06,295
2018,7,2018-07,332
2018,8,2018-08,304
2018,9,2018-09,356
2018,10,2018-10,356
2018,11,2018-11,382
2018,12,2018-12,347
2019,1,2019-01,326
2019,2,2019-02,376
2019,3,2019-03,393
2019,4,2019-04,397
2019,5,2019-05,408
2019,6,2019-06,400
2019,7,2019-07,437
2019,8,2019-08,417
2019,9,2019-09,450
2019,10,2019-10,455
2019,11,2019-11,716
2019,12,2019-12,693
2020,1,2020-01,1039
2020,2,2020-02,1906
2020,3,2020-03,4649
2020,4,2020-04,11642
2020,5,2020-05,17630
2020,6,2020-06,17687
2020,7,2020-07,17986
2020,8,2020-08,17558
2020,9,2020-09,18639
2020,10,2020-10,17644
2020,11,2020-11,15580
2020,12,2020-12,15267
2021,1,2021-01,16589
2021,2,2021-02,16504
2021,3,2021-03,19768
2021,4,2021-04,17151
2021,5,2021-05,19158
2021,6,2021-06,18762
2021,7,2021-07,17083
2021,8,2021-08,16950
2021,9,2021-09,17284
2021,10,2021-10,18604
2021,11,2021-11,17061
2021,12,2021-12,17367
2022,1,2022-01,18130
2022,2,2022-02,16776
2022,3,2022-03,19213
2022,4,2022-04,15807
2022,5,2022-05,11976
2022,6,2022-06,273
2022,7,2022-07,61
2022,8,2022-08,57
2022,9,2022-09,16
2022,10,2022-10,6
2022,11,2022-11,3
2022,12,2022-12,118
2023,1,2023-01,1
